epoch,seed,label,pde_grat,L_int,L_total,t_minus1,t_plus1,t_0,R_plus_T,curriculum_epoch,n_ridge
1,42,curric_n1.2,0.020089116242798143,0.0,0.020089116242798143,0.00017867295511382665,0.00017867097138516983,0.0034153850438044665,1.0009035997332942,1,1.2
50,42,curric_n1.2,0.016897104633858722,3.7716608751015584e-12,0.018022123341683283,0.0017842559800455772,0.001428006119996206,0.01977696118584702,0.9953139208264348,50,1.2
100,42,curric_n1.2,0.01256046615441375,4.4244176827284353e-11,0.014523988494450822,0.007094529695734476,0.005656024230666436,0.02186337055424758,1.0049769320614887,100,1.2
150,42,curric_n1.2,0.009987954090215577,1.1966959350278225e-10,0.012144097659058538,0.003081952938435978,0.0035521090731364794,0.0037180146231557275,1.0011200751194576,150,1.2
200,42,curric_n1.2,0.008738343223585387,1.397462208111386e-10,0.010432333871503923,0.0014431519900025061,0.0015560405455044889,0.005842996334644628,0.9990650610582333,200,1.2
250,42,curric_n1.2,0.008252893458069442,1.4589977066245384e-10,0.00974436889635136,0.0014120983164402161,0.001392614854047143,0.006880623394285656,0.9995554634791998,250,1.2
300,42,curric_n1.2,0.008183964045073142,1.4640508789036263e-10,0.009645812054339075,0.0014305384556126271,0.0013699270201001327,0.0069334717557559145,0.9995852351073531,300,1.2
1,42,curric_n1.5,0.01990197855479073,1.4640509709247685e-10,0.021363825912482263,0.0008964470948926098,0.0014615898536865612,0.02039598520016342,1.0049246564931849,301,1.5
50,42,curric_n1.5,0.0014593377358899362,2.030545553603319e-11,0.002003266740841375,0.0029290263760177013,0.002217289266409413,0.00821282467455091,1.0068683071345141,350,1.5
100,42,curric_n1.5,0.0006846423298731494,1.9187633013927625e-11,0.0009807795163519904,0.0019078395579282216,0.00125665328438588,0.0031727673317329536,1.0007713297847332,400,1.5
150,42,curric_n1.5,0.0005381227541848026,1.874079501217128e-11,0.0007839562032695241,0.0014930507177978562,0.0010332540788909625,0.0020248027842916304,0.9979872439955512,450,1.5
200,42,curric_n1.5,0.0004904366079748693,1.818412138281733e-11,0.0007159687934278442,0.0013033565753731097,0.0009323215157561584,0.0018480701503346153,0.9970983636676857,500,1.5
250,42,curric_n1.5,0.0004747829371399208,1.7894488063565646e-11,0.0006927343615129022,0.0012301969434772484,0.0008920671207344358,0.0018204557928172952,0.9968429407160646,550,1.5
300,42,curric_n1.5,0.0004723698342957927,1.7843300772812627e-11,0.0006890965273600594,0.0012186888516894268,0.000885668128229605,0.0018172042504294287,0.9968077956247596,600,1.5
1,42,curric_n1.8,0.04947748455074049,1.7843299538923958e-11,0.04969421121475585,0.0011977132791711259,0.000848762189353593,0.021802995652895948,0.990213557931009,601,1.8
50,42,curric_n1.8,0.021389339868536073,1.7314089498987507e-10,0.025382447549659164,0.0028099755656695222,0.0021483410542002734,0.0311746668020768,1.0038451623833295,650,1.8
100,42,curric_n1.8,0.0157235197915877,5.377397417766159e-10,0.019260283673613692,0.0029846231026326784,0.0017619011048718256,0.010168198926938439,1.008835480313928,700,1.8
150,42,curric_n1.8,0.013901802235503457,6.24514780594862e-10,0.016915333119409424,0.0032370226322992863,0.0017333440299588249,0.002220640691852745,1.0107099732602736,750,1.8
200,42,curric_n1.8,0.012739705910408466,6.689492111985004e-10,0.015606473838012043,0.0031589795524153176,0.0017833656067310255,0.005131287970013652,1.0083216183682877,800,1.8
250,42,curric_n1.8,0.012241247999528118,6.865420780294519e-10,0.01507502250428964,0.003047120510471044,0.0017627428193338851,0.006029975008427537,1.0068706024685832,850,1.8
300,42,curric_n1.8,0.012159357062245134,6.892839279181573e-10,0.014988955124674179,0.003024848913067259,0.0017577668136347785,0.006143167253250219,1.006618915357072,900,1.8
1,42,curric_n2.0,0.04485887418344256,6.89283991501469e-10,0.047688472154088696,0.0031069629307741695,0.0016688580305716052,0.013686410762307036,1.0087965669312635,901,2.0
50,42,curric_n2.0,0.02476296828136777,1.3852182141640454e-09,0.03048705468716189,0.0036927319183860476,0.002738430895633979,0.011029063447947674,1.0154564981255734,950,2.0
100,42,curric_n2.0,0.018850466240071417,1.47604707549182e-09,0.02516853344020237,0.002334377909032749,0.002177487222833559,0.010965394121680056,0.992289398926199,1000,2.0
150,42,curric_n2.0,0.016416097834758597,1.5277529728325034e-09,0.02297877556414137,0.0018849776325472294,0.0019589512830876653,0.009490363136980175,0.9858201781945073,1050,2.0
200,42,curric_n2.0,0.015404061898634663,1.5516081684499075e-09,0.022024756118677363,0.002092016036416161,0.0019536633276245096,0.008094338047765746,0.9850899666305183,1100,2.0
250,42,curric_n2.0,0.015027330387400359,1.5603103547857073e-09,0.021656429927020077,0.0022276898126377103,0.0019802932030899677,0.007535136566907313,0.9849671612456535,1150,2.0
300,42,curric_n2.0,0.01496687125583176,1.5616982323536164e-09,0.02159678287327205,0.002250415368942643,0.001985284292922883,0.007448257842356565,0.9849472035348634,1200,2.0
