epoch,seed,label,pde_grat,L_int,L_total,t_minus1,t_plus1,t_0,R_plus_T
1,42,direct_n2p0,0.16479826520850685,0.0,0.16479826520850685,0.00017867325230235884,0.00017867300294770573,0.003415392781622811,0.999138583337531
100,42,direct_n2p0,0.05465485584620824,5.848006303896162e-10,0.07305369974589024,0.0312629726627605,0.028589619561108698,0.09310373990298376,1.0716087986409266
200,42,direct_n2p0,0.03967409280989088,1.8094615864269498e-09,0.04631027722184173,0.0042782101829614335,0.0014313376809137043,0.013216525975176729,1.0348506238756925
300,42,direct_n2p0,0.017018345411618008,2.008770737688938e-09,0.023735740474052098,0.005260898377081864,0.0018561884656240802,0.007502677319639827,1.0012594498292449
400,42,direct_n2p0,0.012470468560639839,2.031365616105223e-09,0.018612758284536488,0.0026630468662949777,0.002040958933549159,0.00741974343095016,1.0028338416773943
500,42,direct_n2p0,0.009643873544352597,1.9653136284222423e-09,0.015588781554490814,0.0035381537604556508,0.0010855344648473596,0.009841625876718479,1.0130541745423691
600,42,direct_n2p0,0.007797794709486917,1.918927899051291e-09,0.013567873599670556,0.0052781616842024984,0.0031868107775050777,0.012621123119749868,1.0098293180181899
700,42,direct_n2p0,0.0068274775074224844,1.906179184643872e-09,0.012401519454818748,0.006512340386499722,0.004260842179233502,0.016960003921574054,1.0020860719470166
800,42,direct_n2p0,0.006290520396353805,1.91863505753771e-09,0.011738966398427171,0.007279722204473966,0.004804927682138789,0.01981885603632322,0.9980323375081597
900,42,direct_n2p0,0.005982291899665006,1.937217705184934e-09,0.011348411913215747,0.007756987326975196,0.005142607721593545,0.02138640781371507,0.9964498050715829
1000,42,direct_n2p0,0.005822517527691278,1.951770484789563e-09,0.011140462556627284,0.00802613478203153,0.005335023175738929,0.022162467495074285,0.9958590200671031
1100,42,direct_n2p0,0.005760956448626249,1.9585450842587804e-09,0.01105915377687978,0.008135161730396093,0.005412606687506456,0.02245131991287943,0.9956730984017712
1200,42,direct_n2p0,0.005751489377895058,1.9596524131181695e-09,0.011046627233805529,0.008151859959654346,0.005424656947454917,0.02249389973740405,0.9956476450374763
