epoch,seed,label,pde_air,pde_grat,pde_sub,top_DtN,bottom_DtN,L_total,t_minus1,t_plus1,t_0
1,42,vanilla_longrun,0.0,0.000995802259041371,0.0,0.0,0.0,0.000995802259041371,0.00017867231752715783,0.00017866661595312554,0.0034153684539884326
500,42,vanilla_longrun,2.603685648656195e-05,0.0003121600324426785,5.7784957703634056e-05,3.3104494496754707e-07,5.489127005329185e-07,0.0003968618357816882,8.441085053896866e-05,0.00012091285930467028,0.0009399782219511787
1000,42,vanilla_longrun,1.9954518994264742e-05,0.00017553039008269238,2.5130885172798244e-05,2.686540288216016e-07,1.57019927984611e-06,0.00022245470572990005,0.0003619839538917891,0.0005137567840187329,0.0022083955170354302
1500,42,vanilla_longrun,1.8132993069157795e-05,0.00012802948617157705,2.1753589874932804e-05,2.854654659411191e-07,5.412347176431364e-07,0.00016874283890097917,0.0008391664502596622,0.0010190557778111938,0.002518307708004078
2000,42,vanilla_longrun,1.8408329436144868e-05,0.00010349435190396515,1.864605296499057e-05,5.579387468322279e-07,4.616193848450744e-07,0.00014156835536293237,0.0012296409408475385,0.001203887889360237,0.0015132457878898067
2500,42,vanilla_longrun,1.7241941706458083e-05,9.147911329441146e-05,1.7066173604557642e-05,4.2852340090714886e-07,3.1574413317651955e-07,0.000126531557740092,0.0012175826015414866,0.0009682856575794592,0.0012241266767948147
3000,42,vanilla_longrun,1.5828245348694576e-05,8.228979056014607e-05,1.6772428767823036e-05,2.5154728534164216e-07,2.8244721809397493e-07,0.00011542452050685329,0.001211601200405923,0.0008811971398340673,0.0013321079203011269
3500,42,vanilla_longrun,1.4860853240573005e-05,7.384846721188129e-05,1.6572078677378377e-05,1.6628139927766536e-07,2.8193905801703576e-07,0.00010572967967385194,0.0011744080608277797,0.0008696756034900275,0.0014160272671609896
4000,42,vanilla_longrun,1.4321224484660552e-05,6.791032299795448e-05,1.6163874616826846e-05,1.5391279806573896e-07,2.491182302678776e-07,9.879851152778728e-05,0.0011559072980229478,0.0008487314829204333,0.0014191517385649924
4500,42,vanilla_longrun,1.4081341218808333e-05,6.525884436889672e-05,1.5863069105641508e-05,1.580138594398959e-07,2.2826837139745897e-07,9.558959436689513e-05,0.001166176453797778,0.0008436393637381524,0.0014017913370727166
5000,42,vanilla_longrun,1.4037016929797775e-05,6.481456449364328e-05,1.580228828613198e-05,1.5914653714042721e-07,2.246632706049476e-07,9.503773679364039e-05,0.0011692207341781591,0.0008443366190546957,0.001398330332030675
