epoch,seed,label,pde_grat,L_int,L_total,t_minus1,t_plus1,t_0,R_plus_T,n_closures
1,43,lbfgs_s43,0.0007671429386995546,5.901544456966973e-15,0.0008490320458922631,5.193562449379336e-05,5.440809201534981e-05,0.0067797615740003234,1.001980695778817,26
20,43,lbfgs_s43,0.0003632933986111044,1.8880743861178262e-11,0.0004963636582671484,0.0019483362519851714,0.0014921366085210168,0.0017915279406702552,0.9988881342719069,506
40,43,lbfgs_s43,0.00029587939766684024,4.677120574346027e-11,0.00037660739800780195,0.0013755670976914952,0.000812907848305607,0.0038284183050415663,1.007297153559024,1015
60,43,lbfgs_s43,0.00021618081066535337,7.95252747000085e-11,0.00029670864748796403,0.0015359525995237353,0.0009997628874014895,0.0016407620323955318,1.004391977904049,1523
80,43,lbfgs_s43,0.00013686463252655617,4.0924165502405373e-11,0.00020351964649025902,0.0010366615597690075,0.0005928704526766894,0.0015898576338840632,1.0001400225386183,2034
100,43,lbfgs_s43,0.00011965093753769176,2.8809299034384914e-11,0.00016116132309797768,0.0005501469935562225,0.0011411819815885563,0.0012770513154017795,1.001914775773913,2545
120,43,lbfgs_s43,0.00010879553602095576,2.9614033955249365e-11,0.00014606108883533022,0.00034794365974286583,0.0009319828498472778,0.001082643166469096,1.0013063484054412,3053
140,43,lbfgs_s43,0.00010268171564808786,3.552239541750046e-11,0.00013590868521184943,0.0006627821980691288,0.0002849669741092831,0.0008032300490802682,1.0002034652967096,3560
160,43,lbfgs_s43,9.755047644484863e-05,2.5054138304375412e-11,0.0001276678309334503,0.000286511452753643,0.0002951763985470311,0.0010531470394171871,1.0004823245164884,4070
180,43,lbfgs_s43,9.293710947451174e-05,2.96028010308828e-11,0.000118948813875184,0.0011173658128188987,0.0010684903283884842,0.0016269927851180698,1.0008687224521131,4579
200,43,lbfgs_s43,9.037735480922207e-05,3.7196454764515076e-11,0.00011373614443895884,0.0010081038294508457,0.0008801480854372943,0.002255351431945474,0.9995463150171056,5065
220,43,lbfgs_s43,8.872203182657464e-05,3.092754098390562e-11,0.00011066539493866668,0.0009456571822878036,0.0008538169830313121,0.0032913194583726164,1.0003169539090249,5572
240,43,lbfgs_s43,8.655701986428504e-05,2.7840307347153887e-11,0.00010816100058620625,0.0007077911762616986,0.0007405060774897741,0.003188556111600177,0.9998169595044075,6066
260,43,lbfgs_s43,8.536499217598969e-05,2.8278144745475967e-11,0.0001063466032175644,0.0006602899573643163,0.0009522396403639068,0.003629465486840182,0.9992621683946201,6526
280,43,lbfgs_s43,8.448574822945104e-05,2.8408855423621183e-11,0.00010512503474924498,0.0006190154683154059,0.0008632354821645546,0.0034800040416622753,0.9986029187393405,6887
300,43,lbfgs_s43,8.316838653310106e-05,3.090361729358407e-11,0.00010353474938967304,0.0005317482769555779,0.000877429219693855,0.0036041133880860407,0.9991598032236572,7331
