label,period_over_lambda,duty_cycle,ridge_height,n_ridge,frac_pm1,g_norm,pm1_sigma_max,is_obstructed
baseline_L0p8_dc0p4_h0p2_n1p5_0deg,0.8,0.4000000000000001,0.2,1.5,0.31375693644225994,0.04497730717519621,0.4755005536267529,False
period_L0.4,0.4,0.4000000000000001,0.2,1.5,0.2973094974893857,0.04746549379646325,0.4755005536267529,False
period_L0.6,0.6,0.4,0.2,1.5,0.30923220936779056,0.04563542115345384,0.4755005536267529,False
period_L0.8,0.8,0.4000000000000001,0.2,1.5,0.31375693644225994,0.04497730717519621,0.4755005536267529,False
period_L1.0,1.0,0.4,0.2,1.5,0.31591958521229646,0.04466941199365334,0.4755005536267529,False
period_L1.2,1.2,0.4,0.2,1.5,0.31711326281468066,0.04450126741295927,0.4755005536267529,False
period_L1.5,1.5,0.4000000000000001,0.2,1.5,0.3181000372089389,0.044363220553297326,0.47550055362675286,False
period_L2.0,2.0,0.4,0.2,1.5,0.31887392949321186,0.04425555306807406,0.4755005536267529,False
period_L3.0,3.0,0.4000000000000001,0.2,1.5,0.31943018071461915,0.04417848707076285,0.47550055362675286,False
duty_cycle_dc0.15,0.8,0.15,0.2,1.5,0.29245770913387453,0.017457859590324955,0.4755005536267529,False
duty_cycle_dc0.25,0.8,0.25,0.2,1.5,0.3062678653828832,0.02360852018442422,0.4755005536267529,False
duty_cycle_dc0.35,0.8,0.3499999999999999,0.2,1.5,0.30792158954425397,0.039942077959507265,0.4755005536267529,False
duty_cycle_dc0.45,0.8,0.45,0.2,1.5,0.2990956999541046,0.05528392931193537,0.4755005536267529,False
duty_cycle_dc0.55,0.8,0.55,0.2,1.5,0.31656720447239706,0.06125798913185223,0.4755005536267529,False
duty_cycle_dc0.65,0.8,0.65,0.2,1.5,0.29574462424303083,0.07124876913883404,0.4755005536267529,False
duty_cycle_dc0.75,0.8,0.7500000000000001,0.2,1.5,0.28682799896480893,0.08801557832649153,0.4755005536267529,False
duty_cycle_dc0.85,0.8,0.85,0.2,1.5,0.28682799896480893,0.08801557832649153,0.4755005536267529,False
ridge_height_h0.05,0.8,0.4000000000000001,0.05,1.5,0.2584416765185766,0.04815335499934715,0.4755005536267529,False
ridge_height_h0.10,0.8,0.4000000000000001,0.1,1.5,0.2758327204542593,0.047665354420414474,0.4755005536267529,False
ridge_height_h0.15,0.8,0.4000000000000001,0.15,1.5,0.29426562455048355,0.046601639268702325,0.4755005536267529,False
ridge_height_h0.20,0.8,0.4000000000000001,0.2,1.5,0.31375693644225994,0.04497730717519621,0.4755005536267529,False
ridge_height_h0.30,0.8,0.4000000000000001,0.3,1.5,0.3568288263292566,0.04016502247996275,0.4755005536267529,False
ridge_height_h0.40,0.8,0.4000000000000001,0.4,1.5,0.4093846202149483,0.033590992148369664,0.4755005536267529,False
ridge_height_h0.50,0.8,0.4000000000000001,0.5,1.5,0.4832218678427834,0.0258652351510266,0.4755005536267529,False
ridge_height_h0.70,0.8,0.4000000000000001,0.7,1.5,0.7759396043605151,0.012648827385465437,0.4755005536267529,False
n_ridge_n1.1,0.8,0.4000000000000001,0.2,1.1,0.29806518880553673,0.15406166437195487,0.4755005536267529,False
n_ridge_n1.3,0.8,0.4000000000000001,0.2,1.3,0.3085603927515026,0.09606887978269178,0.4755005536267529,False
n_ridge_n1.5,0.8,0.4000000000000001,0.2,1.5,0.31375693644225994,0.04497730717519621,0.4755005536267529,False
n_ridge_n1.7,0.8,0.4000000000000001,0.2,1.7,0.3165094656563162,0.3057552692800724,0.4755005536267529,False
n_ridge_n2.0,0.8,0.4000000000000001,0.2,2.0,0.31858112328933447,1.0130572394836994,0.4755005536267529,False
n_ridge_n2.5,0.8,0.4000000000000001,0.2,2.5,0.319938620968952,3.4451805861531595,0.4755005536267529,False
n_ridge_n3.0,0.8,0.4000000000000001,0.2,3.0,0.320430481236064,8.237826565453698,0.4755005536267529,False
theta_deg_0deg,0.8,0.4000000000000001,0.2,1.5,0.31375693644225994,0.04497730717519621,0.4755005536267529,False
theta_deg_5deg,0.8,0.4000000000000001,0.2,1.5,0.31375693644225994,0.04497730717519621,0.4755005536267529,False
theta_deg_10deg,0.8,0.4000000000000001,0.2,1.5,0.31375693644225994,0.04497730717519621,0.4755005536267529,False
theta_deg_15deg,0.8,0.4000000000000001,0.2,1.5,0.31375693644225994,0.04497730717519621,0.4755005536267529,False
theta_deg_20deg,0.8,0.4000000000000001,0.2,1.5,0.31375693644225994,0.04497730717519621,0.4755005536267529,False
theta_deg_30deg,0.8,0.4000000000000001,0.2,1.5,0.31375693644225994,0.04497730717519621,0.4755005536267529,False
theta_deg_40deg,0.8,0.4000000000000001,0.2,1.5,0.31375693644225994,0.04497730717519621,0.4755005536267529,False
theta_deg_45deg,0.8,0.4000000000000001,0.2,1.5,0.31375693644225994,0.04497730717519621,0.4755005536267529,False
large_period_high_contrast,1.5,0.5,0.3,2.0,0.3452849584400766,1.0858521167610815,0.47550055362675286,False
small_period,0.5,0.3,0.1,1.3,0.2578398613316109,0.06762520666082329,0.4755005536267529,False
mid_period_dc0p6,1.0,0.6,0.4,1.8,0.4170311572412523,0.48205683211981926,0.4755005536267529,False
baseline_dup,0.8,0.4000000000000001,0.2,1.5,0.31375693644225994,0.04497730717519621,0.4755005536267529,False
large_period_deep_ridge,2.0,0.3,0.5,2.5,0.41652964837309636,1.5577463419405901,0.4755005536267529,False
